{
  "model_info": {
    "model_type": "random_forest",
    "best_params": {
      "n_estimators": 100,
      "min_samples_split": 5,
      "min_samples_leaf": 1,
      "max_features": 0.5,
      "max_depth": 5
    },
    "all_results": {
      "random_forest": {
        "output_0_r2": 1.0,
        "output_0_rmse": 1.3562643674209492e-05,
        "output_0_mae": 1.3430913289388021e-05,
        "output_0_mape": 1.2616906278621416e-13,
        "output_0_cvrmse": 1.0888832386269009e-13,
        "output_0_nmbe": -6.571931471498232e-14,
        "output_1_r2": 1.0,
        "output_1_rmse": 2.0446719974372675e-08,
        "output_1_mae": 1.6608585913976032e-08,
        "output_1_mape": 1.834000906937979e-13,
        "output_1_cvrmse": 2.2828091771280234e-13,
        "output_1_nmbe": -2.2528806900099747e-14,
        "output_2_r2": 1.0,
        "output_2_rmse": 1.1700337620048091e-06,
        "output_2_mae": 1.1126200358072917e-06,
        "output_2_mape": 1.1049045618563814e-13,
        "output_2_cvrmse": 1.0851722035715662e-13,
        "output_2_nmbe": 4.791069429434624e-14,
        "output_3_r2": 1.0,
        "output_3_rmse": 3.157720988623534e-14,
        "output_3_mae": 3.138230416273776e-14,
        "output_3_mape": 7.491033819858737e-14,
        "output_3_cvrmse": 6.945669623849088e-14,
        "output_3_nmbe": 3.777002947850642e-14,
        "output_4_r2": 1.0,
        "output_4_rmse": 3.0031909350858025e-06,
        "output_4_mae": 2.781550089518229e-06,
        "output_4_mape": 1.0878001061296705e-13,
        "output_4_cvrmse": 1.1299153492315125e-13,
        "output_4_nmbe": 2.990073091052914e-14,
        "output_5_r2": 1.0,
        "output_5_rmse": 5.806487701916725e-09,
        "output_5_mae": 4.103640094399452e-09,
        "output_5_mape": 1.5413074316988087e-13,
        "output_5_cvrmse": 2.306665230756446e-13,
        "output_5_nmbe": 1.2062693511678955e-13,
        "output_6_r2": 1.0,
        "output_6_rmse": 4.565368212491694e-07,
        "output_6_mae": 3.973642985026042e-07,
        "output_6_mape": 1.4522331153315216e-13,
        "output_6_cvrmse": 1.2709203774238735e-13,
        "output_6_nmbe": -2.2123884020827868e-14,
        "output_7_r2": 1.0,
        "output_7_rmse": 2.4116620165382783e-13,
        "output_7_mae": 2.368475785867001e-13,
        "output_7_mape": 8.576804504435924e-14,
        "output_7_cvrmse": 8.395419065597544e-14,
        "output_7_nmbe": -1.3192128338193004e-14,
        "overall_r2": 1.0,
        "overall_rmse": 1.1386662339260262e-06,
        "overall_mae": 2.2178950259318006e-06
      },
      "xgboost": {
        "output_0_r2": 0.999999999999932,
        "output_0_rmse": 1509.8256061747327,
        "output_0_mae": 1208.6286719640095,
        "output_0_mape": 8.347083026456605e-06,
        "output_0_cvrmse": 1.2121706028004088e-05,
        "output_0_nmbe": -9.703532248127194e-06,
        "output_1_r2": 0.9999999999999333,
        "output_1_rmse": 1.5868119005785728,
        "output_1_mae": 1.1888971080382664,
        "output_1_mape": 1.1843102553546845e-05,
        "output_1_cvrmse": 1.7716234063736988e-05,
        "output_1_nmbe": 1.327364600430975e-05,
        "output_2_r2": 0.9999999999999684,
        "output_2_rmse": 61.703339051822724,
        "output_2_mae": 60.26976230740547,
        "output_2_mape": 5.736303637341003e-06,
        "output_2_cvrmse": 5.722804809654263e-06,
        "output_2_nmbe": 5.589844746000833e-06,
        "output_3_r2": 0.9999759287002883,
        "output_3_rmse": 0.0502529175789442,
        "output_3_mae": 0.0428892818395307,
        "output_3_mape": 0.10907291347727023,
        "output_3_cvrmse": 0.11053546668479185,
        "output_3_nmbe": -0.0252312044147162,
        "output_4_r2": 0.9999999999998073,
        "output_4_rmse": 196.20280783076637,
        "output_4_mae": 196.02410276730856,
        "output_4_mape": 7.582372066745096e-06,
        "output_4_cvrmse": 7.381900415997689e-06,
        "output_4_nmbe": -7.37517684768149e-06,
        "output_5_r2": 0.9999999999999798,
        "output_5_rmse": 0.339055539497881,
        "output_5_mae": 0.24402819485597624,
        "output_5_mape": 9.596506483289497e-06,
        "output_5_cvrmse": 1.3469203146627923e-05,
        "output_5_nmbe": 9.694179705447902e-06,
        "output_6_r2": 0.999999999999961,
        "output_6_rmse": 45.62384938508794,
        "output_6_mae": 39.2866310402751,
        "output_6_mape": 1.1043084670779583e-05,
        "output_6_cvrmse": 1.2700898850035838e-05,
        "output_6_nmbe": 1.0936725719691274e-05,
        "output_7_r2": 0.9999990303417496,
        "output_7_rmse": 0.04541487484948163,
        "output_7_mae": 0.03825316152829572,
        "output_7_mape": 0.013853904213047535,
        "output_7_cvrmse": 0.01580971560518886,
        "output_7_nmbe": 0.003949248007549814,
        "overall_r2": 0.9999968698802025,
        "overall_rmse": 113.46897199812199,
        "overall_mae": 188.21540447815758
      },
      "extra_trees": {
        "output_0_r2": 1.0,
        "output_0_rmse": 1.38829782665937e-05,
        "output_0_mae": 1.3748804728190104e-05,
        "output_0_mape": 1.2996810403586415e-13,
        "output_0_cvrmse": 1.1146014523305338e-13,
        "output_0_nmbe": -6.827152111168067e-14,
        "output_1_r2": 1.0,
        "output_1_rmse": 2.0446719974372675e-08,
        "output_1_mae": 1.6608585913976032e-08,
        "output_1_mape": 1.834000906937979e-13,
        "output_1_cvrmse": 2.2828091771280234e-13,
        "output_1_nmbe": -2.2528806900099747e-14,
        "output_2_r2": 1.0,
        "output_2_rmse": 1.1700337620048091e-06,
        "output_2_mae": 1.1126200358072917e-06,
        "output_2_mape": 1.1049045618563814e-13,
        "output_2_cvrmse": 1.0851722035715662e-13,
        "output_2_nmbe": 4.791069429434624e-14,
        "output_3_r2": 1.0,
        "output_3_rmse": 3.157720988623534e-14,
        "output_3_mae": 3.138230416273776e-14,
        "output_3_mape": 7.491033819858737e-14,
        "output_3_cvrmse": 6.945669623849088e-14,
        "output_3_nmbe": 3.777002947850642e-14,
        "output_4_r2": 1.0,
        "output_4_rmse": 3.0031909350858025e-06,
        "output_4_mae": 2.781550089518229e-06,
        "output_4_mape": 1.0878001061296705e-13,
        "output_4_cvrmse": 1.1299153492315125e-13,
        "output_4_nmbe": 2.990073091052914e-14,
        "output_5_r2": 1.0,
        "output_5_rmse": 5.806487701916725e-09,
        "output_5_mae": 4.103640094399452e-09,
        "output_5_mape": 1.5413074316988087e-13,
        "output_5_cvrmse": 2.306665230756446e-13,
        "output_5_nmbe": 1.2062693511678955e-13,
        "output_6_r2": 1.0,
        "output_6_rmse": 4.565368212491694e-07,
        "output_6_mae": 3.973642985026042e-07,
        "output_6_mape": 1.4522331153315216e-13,
        "output_6_cvrmse": 1.2709203774238735e-13,
        "output_6_nmbe": -2.2123884020827868e-14,
        "output_7_r2": 1.0,
        "output_7_rmse": 2.360884497795176e-13,
        "output_7_mae": 2.3211062701496604e-13,
        "output_7_mape": 8.385119554803638e-14,
        "output_7_cvrmse": 8.218653604253383e-14,
        "output_7_nmbe": -1.484114438046713e-14,
        "overall_r2": 1.0,
        "overall_rmse": 1.15868714568294e-06,
        "overall_mae": 2.257631455189942e-06
      }
    },
    "cv_strategy": "kfold",
    "n_models_tested": 3
  },
  "metrics": {
    "output_0_r2": 1.0,
    "output_0_rmse": 1.3562643674209492e-05,
    "output_0_mae": 1.3430913289388021e-05,
    "output_0_mape": 1.2616906278621416e-13,
    "output_0_cvrmse": 1.0888832386269009e-13,
    "output_0_nmbe": -6.571931471498232e-14,
    "output_1_r2": 1.0,
    "output_1_rmse": 2.0446719974372675e-08,
    "output_1_mae": 1.6608585913976032e-08,
    "output_1_mape": 1.834000906937979e-13,
    "output_1_cvrmse": 2.2828091771280234e-13,
    "output_1_nmbe": -2.2528806900099747e-14,
    "output_2_r2": 1.0,
    "output_2_rmse": 1.1700337620048091e-06,
    "output_2_mae": 1.1126200358072917e-06,